nm, %R
800.000000, 45.296217
799.000000, 45.393284
798.000000, 45.475397
797.000000, 45.555975
796.000000, 45.653308
795.000000, 45.743127
794.000000, 45.821338
793.000000, 45.908581
792.000000, 45.992165
791.000000, 46.081817
790.000000, 46.169262
789.000000, 46.244863
788.000000, 46.336788
787.000000, 46.431251
786.000000, 46.518628
785.000000, 46.614007
784.000000, 46.694765
783.000000, 46.771317
782.000000, 46.853740
781.000000, 46.949660
780.000000, 47.037503
779.000000, 47.131825
778.000000, 47.210206
777.000000, 47.293090
776.000000, 47.377392
775.000000, 47.459695
774.000000, 47.545599
773.000000, 47.628693
772.000000, 47.722917
771.000000, 47.808554
770.000000, 47.881138
769.000000, 47.956454
768.000000, 48.051221
767.000000, 48.137316
766.000000, 48.224393
765.000000, 48.312218
764.000000, 48.390821
763.000000, 48.473744
762.000000, 48.546010
761.000000, 48.632949
760.000000, 48.708937
759.000000, 48.788983
758.000000, 48.865065
757.000000, 48.945074
756.000000, 49.033310
755.000000, 49.123047
754.000000, 49.202166
753.000000, 49.279357
752.000000, 49.363182
751.000000, 49.449960
750.000000, 49.531302
749.000000, 49.609318
748.000000, 49.684266
747.000000, 49.767429
746.000000, 49.837797
745.000000, 49.921311
744.000000, 50.006208
743.000000, 50.095122
742.000000, 50.159742
741.000000, 50.233976
740.000000, 50.315702
739.000000, 50.390756
738.000000, 50.471533
737.000000, 50.547071
736.000000, 50.621738
735.000000, 50.699286
734.000000, 50.774444
733.000000, 50.849953
732.000000, 50.933901
731.000000, 51.003784
730.000000, 51.081767
729.000000, 51.158800
728.000000, 51.230448
727.000000, 51.314923
726.000000, 51.389647
725.000000, 51.467164
724.000000, 51.536321
723.000000, 51.612371
722.000000, 51.693036
721.000000, 51.766836
720.000000, 51.849006
719.000000, 51.912463
718.000000, 51.987020
717.000000, 52.067725
716.000000, 52.140559
715.000000, 52.205732
714.000000, 52.265207
713.000000, 52.326970
712.000000, 52.404632
711.000000, 52.482325
710.000000, 52.546504
709.000000, 52.609678
708.000000, 52.684138
707.000000, 52.746439
706.000000, 52.818145
705.000000, 52.896477
704.000000, 52.970148
703.000000, 53.039221
702.000000, 53.111430
701.000000, 53.176623
700.000000, 53.245123
699.000000, 53.308087
698.000000, 53.373112
697.000000, 53.444724
696.000000, 53.508490
695.000000, 53.577918
694.000000, 53.633556
693.000000, 53.697120
692.000000, 53.769980
691.000000, 53.841663
690.000000, 53.900867
689.000000, 53.971531
688.000000, 54.031510
687.000000, 54.092749
686.000000, 54.154201
685.000000, 54.205987
684.000000, 54.262712
683.000000, 54.324530
682.000000, 54.381867
681.000000, 54.440217
680.000000, 54.507099
679.000000, 54.570098
678.000000, 54.626066
677.000000, 54.677440
676.000000, 54.739724
675.000000, 54.797912
674.000000, 54.854761
673.000000, 54.910807
672.000000, 54.967420
671.000000, 55.024111
670.000000, 55.089199
669.000000, 55.143505
668.000000, 55.190773
667.000000, 55.234932
666.000000, 55.286489
665.000000, 55.340740
664.000000, 55.390151
663.000000, 55.447979
662.000000, 55.504520
661.000000, 55.543888
660.000000, 55.593468
659.000000, 55.652867
658.000000, 55.702925
657.000000, 55.750452
656.000000, 55.792168
655.000000, 55.838989
654.000000, 55.884945
653.000000, 55.922709
652.000000, 55.967958
651.000000, 56.010368
650.000000, 56.054135
649.000000, 56.101172
648.000000, 56.144016
647.000000, 56.185472
646.000000, 56.218144
645.000000, 56.263820
644.000000, 56.314581
643.000000, 56.346880
642.000000, 56.380209
641.000000, 56.410584
640.000000, 56.442546
639.000000, 56.485546
638.000000, 56.525668
637.000000, 56.559144
636.000000, 56.592911
635.000000, 56.627211
634.000000, 56.658595
633.000000, 56.675132
632.000000, 56.705656
631.000000, 56.741356
630.000000, 56.767100
629.000000, 56.793089
628.000000, 56.819493
627.000000, 56.844174
626.000000, 56.869527
625.000000, 56.897064
624.000000, 56.922150
623.000000, 56.940077
622.000000, 56.957937
621.000000, 56.980876
620.000000, 56.996264
619.000000, 57.010153
618.000000, 57.029426
617.000000, 57.044055
616.000000, 57.055605
615.000000, 57.073372
614.000000, 57.085896
613.000000, 57.094917
612.000000, 57.113593
611.000000, 57.131233
610.000000, 57.132269
609.000000, 57.133974
608.000000, 57.148682
607.000000, 57.157709
606.000000, 57.159061
605.000000, 57.161607
604.000000, 57.163963
603.000000, 57.158795
602.000000, 57.150527
601.000000, 57.142479
600.000000, 57.138521
599.000000, 57.134026
598.000000, 57.133547
597.000000, 57.128034
596.000000, 57.114292
595.000000, 57.102192
594.000000, 57.099181
593.000000, 57.095114
592.000000, 57.084939
591.000000, 57.073338
590.000000, 57.051780
589.000000, 57.029231
588.000000, 57.008816
587.000000, 56.974082
586.000000, 56.943231
585.000000, 56.930984
584.000000, 56.912551
583.000000, 56.885150
582.000000, 56.854242
581.000000, 56.818108
580.000000, 56.777608
579.000000, 56.750002
578.000000, 56.715932
577.000000, 56.673186
576.000000, 56.633728
575.000000, 56.589028
574.000000, 56.543795
573.000000, 56.497697
572.000000, 56.449619
571.000000, 56.400212
570.000000, 56.348875
569.000000, 56.297727
568.000000, 56.232645
567.000000, 56.177194
566.000000, 56.122560
565.000000, 56.069888
564.000000, 56.002112
563.000000, 55.941640
562.000000, 55.854083
561.000000, 55.791089
560.000000, 55.723876
559.000000, 55.638724
558.000000, 55.551134
557.000000, 55.472911
556.000000, 55.389728
555.000000, 55.305755
554.000000, 55.218793
553.000000, 55.130164
552.000000, 55.035427
551.000000, 54.940563
550.000000, 54.832860
549.000000, 54.737966
548.000000, 54.637724
547.000000, 54.525085
546.000000, 54.408047
545.000000, 54.287501
544.000000, 54.180177
543.000000, 54.067703
542.000000, 53.949319
541.000000, 53.829278
540.000000, 53.706415
539.000000, 53.564272
538.000000, 53.431804
537.000000, 53.301275
536.000000, 53.154840
535.000000, 53.004014
534.000000, 52.857950
533.000000, 52.713382
532.000000, 52.552938
531.000000, 52.394612
530.000000, 52.235931
529.000000, 52.071545
528.000000, 51.900373
527.000000, 51.717638
526.000000, 51.537918
525.000000, 51.345010
524.000000, 51.146107
523.000000, 50.954176
522.000000, 50.759307
521.000000, 50.554799
520.000000, 50.342541
519.000000, 50.126018
518.000000, 49.909080
517.000000, 49.673894
516.000000, 49.441995
515.000000, 49.185832
514.000000, 48.927824
513.000000, 48.669256
512.000000, 48.405712
511.000000, 48.132090
510.000000, 47.832760
509.000000, 47.536760
508.000000, 47.228949
507.000000, 46.910943
506.000000, 46.584297
505.000000, 46.242551
504.000000, 45.884470
503.000000, 45.530618
502.000000, 45.170414
501.000000, 44.812662
500.000000, 44.421774
499.000000, 44.026864
498.000000, 43.620308
497.000000, 43.204876
496.000000, 42.790206
495.000000, 42.364905
494.000000, 41.912698
493.000000, 41.474539
492.000000, 41.015326
491.000000, 40.552167
490.000000, 40.092377
489.000000, 39.612588
488.000000, 39.132216
487.000000, 38.626681
486.000000, 38.119244
485.000000, 37.599611
484.000000, 37.098913
483.000000, 36.583355
482.000000, 36.074266
481.000000, 35.566406
480.000000, 35.055985
479.000000, 34.520697
478.000000, 33.968951
477.000000, 33.401547
476.000000, 32.819789
475.000000, 32.230888
474.000000, 31.625044
473.000000, 31.011375
472.000000, 30.392243
471.000000, 29.767475
470.000000, 29.127032
469.000000, 28.482347
468.000000, 27.833633
467.000000, 27.160672
466.000000, 26.493189
465.000000, 25.817173
464.000000, 25.132550
463.000000, 24.442285
462.000000, 23.755625
461.000000, 23.064451
460.000000, 22.374209
459.000000, 21.677001
458.000000, 20.976485
457.000000, 20.283987
456.000000, 19.593677
455.000000, 18.919292
454.000000, 18.251872
453.000000, 17.594371
452.000000, 16.951950
451.000000, 16.324242
450.000000, 15.714581
449.000000, 15.121952
448.000000, 14.548711
447.000000, 14.000169
446.000000, 13.475062
445.000000, 12.978525
444.000000, 12.510224
443.000000, 12.083550
442.000000, 11.707573
441.000000, 11.376988
440.000000, 11.080238
439.000000, 10.828273
438.000000, 10.624071
437.000000, 10.473008
436.000000, 10.371667
435.000000, 10.327747
434.000000, 10.336965
433.000000, 10.405909
432.000000, 10.533384
431.000000, 10.718735
430.000000, 10.969612
429.000000, 11.283660
428.000000, 11.657113
427.000000, 12.101780
426.000000, 12.603492
425.000000, 13.169325
424.000000, 13.798795
423.000000, 14.477265
422.000000, 15.218078
421.000000, 16.007250
420.000000, 16.859431
419.000000, 17.765089
418.000000, 18.720340
417.000000, 19.717599
416.000000, 20.758987
415.000000, 21.837885
414.000000, 22.951796
413.000000, 24.092658
412.000000, 25.254058
411.000000, 26.435366
410.000000, 27.638995
409.000000, 28.876868
408.000000, 30.121594
407.000000, 31.384580
406.000000, 32.641281
405.000000, 33.906272
404.000000, 35.178255
403.000000, 36.425924
402.000000, 37.667765
401.000000, 38.899651
400.000000, 40.122937
399.000000, 41.334472
398.000000, 42.532053
397.000000, 43.715265
396.000000, 44.875605
395.000000, 45.994704
394.000000, 47.112715
393.000000, 48.189005
392.000000, 49.226975
391.000000, 50.242396
390.000000, 51.242466
389.000000, 52.201752
388.000000, 53.119389
387.000000, 54.016230
386.000000, 54.890248
385.000000, 55.709843
384.000000, 56.490811
383.000000, 57.235899
382.000000, 57.945094
381.000000, 58.609505
380.000000, 59.233530
379.000000, 59.882225
378.000000, 60.557371
377.000000, 60.994620
376.000000, 61.387093
375.000000, 61.753845
374.000000, 62.054593
373.000000, 62.330179
372.000000, 62.561128
371.000000, 62.742113
370.000000, 62.888962
369.000000, 63.010650
368.000000, 63.095270
367.000000, 63.120532
366.000000, 63.127519
365.000000, 63.116004
364.000000, 63.067585
363.000000, 63.013318
362.000000, 62.944213
361.000000, 62.832271
360.000000, 62.691477
359.000000, 62.545309
358.000000, 62.358417
357.000000, 62.121144
356.000000, 61.857018
355.000000, 61.537927
354.000000, 61.156856
353.000000, 60.732435
352.000000, 60.282539
351.000000, 59.748654
350.000000, 59.130235
349.000000, 58.440731
348.000000, 57.702376
347.000000, 56.869359
346.000000, 55.943268
345.000000, 54.924837
344.000000, 53.824324
343.000000, 52.630254
342.000000, 51.356292
341.000000, 49.983749
340.000000, 48.503045
339.000000, 46.936007
338.000000, 45.262324
337.000000, 43.502503
336.000000, 41.677552
335.000000, 39.798018
334.000000, 37.891214
333.000000, 35.992354
332.000000, 34.110155
331.000000, 32.259663
330.000000, 30.460232
329.000000, 28.729941
328.000000, 27.106723
327.000000, 25.636444
326.000000, 24.334249
325.000000, 23.203701
324.000000, 22.233485
323.000000, 21.451589
322.000000, 20.869521
321.000000, 20.462574
320.000000, 20.221166
319.000000, 20.220136
318.000000, 20.348680
317.000000, 20.483415
316.000000, 20.722563
315.000000, 21.059859
314.000000, 21.466143
313.000000, 21.918353
312.000000, 22.409388
311.000000, 22.923885
310.000000, 23.448863
309.000000, 23.975458
308.000000, 24.507709
307.000000, 25.026363
306.000000, 25.518557
305.000000, 25.990678
304.000000, 26.433713
303.000000, 26.849213
302.000000, 27.239719
301.000000, 27.598675
300.000000, 27.928688
299.000000, 28.237909
298.000000, 28.522721
297.000000, 28.776924
296.000000, 29.000252
295.000000, 29.201619
294.000000, 29.383744
293.000000, 29.537959
292.000000, 29.678597
291.000000, 29.801283
290.000000, 29.900879
289.000000, 29.985113
288.000000, 30.054895
287.000000, 30.116088
286.000000, 30.172033
285.000000, 30.207787
284.000000, 30.227531
283.000000, 30.244489
282.000000, 30.252923
281.000000, 30.256919
280.000000, 30.255814
279.000000, 30.248145
278.000000, 30.234531
277.000000, 30.214345
276.000000, 30.183021
275.000000, 30.149633
274.000000, 30.112398
273.000000, 30.065489
272.000000, 30.017939
271.000000, 29.967515
270.000000, 29.915703
269.000000, 29.856360
268.000000, 29.794684
267.000000, 29.723812
266.000000, 29.655990
265.000000, 29.588746
264.000000, 29.508869
263.000000, 29.429415
262.000000, 29.351752
261.000000, 29.264901
260.000000, 29.178472
259.000000, 29.084162
258.000000, 28.985427
257.000000, 28.890313
256.000000, 28.792744
255.000000, 28.688165
254.000000, 28.581658
253.000000, 28.473573
252.000000, 28.363297
251.000000, 28.256809
250.000000, 28.142127
249.000000, 28.021916
248.000000, 27.908201
247.000000, 27.791650
246.000000, 27.668623
245.000000, 27.547677
244.000000, 27.420561
243.000000, 27.293897
242.000000, 27.167430
241.000000, 27.039166
240.000000, 26.908223
